"Names","Clubs","GP","GS","MP","FS","FC","YC","RC","OFF","C","CK","PKG","PK"
" Lerma Jefferson J.","LEV",26,25,2137,51,56,16,0,0,5,0,0,0
" Parejo Dani D.","VAL",34,34,3005,68,47,15,1,2,193,173,6,6
" Costa Jaume J.","VIL",30,29,2541,37,53,15,1,0,91,1,0,0
" Alvaro","VIL",33,32,2899,30,32,15,1,3,9,0,0,0
" Garcia Dani D.","EIB",32,32,2781,25,49,14,0,0,13,1,0,0
" Suarez Damian D.","GET",33,33,2878,41,54,14,1,1,132,45,0,0
" Antunes","GET",34,31,2797,36,49,14,0,1,173,51,0,1
" Sanchez Victor V.","ESP",30,29,2463,49,73,13,0,0,84,9,0,0
" Perez Ruben R.","LGN",31,29,2520,49,44,13,0,0,16,2,0,0
" Kondogbia Geoffrey G.","VAL",31,30,2617,53,55,13,1,1,8,0,0,0
" Ely Rodrigo R.","ALA",31,30,2692,19,29,12,1,2,2,0,0,0
" Mallo Hugo H.","CEL",34,34,3004,29,50,12,0,5,132,0,0,0
" Gomez Maxi M.","CEL",36,35,3077,90,54,12,0,32,24,0,0,0
" Granell Alex A.","GIR",34,33,2853,37,72,11,0,0,208,87,0,1
" Guilherme","DEP",31,31,2643,46,56,11,0,0,33,20,0,0
" Luisinho","DEP",30,29,2622,49,42,11,0,2,95,0,0,0
" Recio","MAG",22,21,1841,44,42,11,1,1,90,42,1,1
" Carvajal Dani D.","RMD",25,25,2223,31,48,11,1,3,120,0,0,0
" Ramos Sergio S.","RMD",26,26,2290,20,36,11,2,5,14,0,2,3
" Gaya","VAL",34,33,2917,45,36,11,0,5,123,2,0,0
" Ruiz Victor V.","VIL",27,27,2417,6,28,11,1,0,1,0,0,0
" Trigueros Manuel M.","VIL",34,32,2709,44,38,11,1,1,103,51,1,2
" Nunez Unai U.","ATH",33,33,2942,24,42,11,0,0,5,0,0,0
" Maffeo Pablo P.","GIR",33,32,2650,35,30,11,0,1,130,2,0,0
" Navarro Ximo X.","LP",31,29,2606,51,27,11,0,0,11,0,0,0
" Garcia Raul R.","ATH",34,30,2637,73,81,10,0,15,46,1,3,3
" Jonny","CEL",36,36,3203,36,51,10,0,1,60,0,0,0
" Duarte Ruben R.","ALA",24,24,2141,35,48,10,1,1,56,0,0,0
" Llorente Diego D.","RSO",27,26,2328,28,36,10,1,0,5,0,0,0
" Rosales Roberto R.","MAG",35,35,3125,22,48,10,0,3,184,42,0,0
" Illarramendi Asier A.","RSO",36,35,3163,67,34,10,1,0,81,5,0,0
" Zaza Simone S.","VAL",33,23,2078,32,43,10,1,16,17,0,0,0
" Escudero Sergio S.","SEV",27,26,2332,38,34,10,0,1,59,1,0,0
" Rico Diego D.","LGN",26,26,2229,43,35,10,1,4,151,27,0,0
" Siovas Dimitrios D.","LGN",24,24,2061,15,27,10,1,2,3,0,0,0
" Campana Jose J.","LEV",35,33,2742,31,31,10,1,1,128,77,0,0
" Aday","GIR",31,20,1833,15,38,10,0,6,133,2,1,2
" Molina Jorge J.","GET",36,31,2790,61,53,10,0,39,30,0,3,6
" Schar Fabian F.","DEP",25,25,2220,22,39,10,0,4,2,0,0,0
" Arambarri Mauro M.","GET",27,26,2135,42,51,10,1,0,9,0,0,0
" Adrian","MAG",29,27,2312,30,39,9,1,2,21,1,1,1
" Garcia Manu M.","ALA",30,27,2438,72,63,9,0,5,13,0,0,2
" Pique Gerard G.","BAR",30,29,2633,12,23,9,0,3,3,0,0,0
" Suarez Luis L.","BAR",33,32,2899,51,47,9,0,56,50,1,1,1
" Aspas Iago I.","CEL",34,33,2937,62,21,9,0,11,80,31,2,3
" Zaldua Joseba J.","LGN",30,29,2561,61,43,9,1,2,95,0,0,0
" El Haddadi Munir M.","ALA",33,28,2456,114,33,9,1,44,93,33,0,0
" Mandi Aissa A.","BET",34,34,3025,24,34,9,1,1,5,0,0,0
" Lenglet Clement C.","SEV",35,33,3002,22,52,9,0,1,4,0,0,0
" Mercado Gabriel G.","SEV",26,25,2122,15,34,9,0,6,22,0,0,0
"Sarabia Pablo  P.","SEV",34,27,2398,41,46,9,1,21,133,44,1,1
"Saul ","ATL",36,35,3157,35,65,9,0,6,25,1,0,0
"Banega Ever  E.","SEV",31,25,2397,49,42,9,1,2,182,105,3,3
"Cala Juan  J.",NA,20,20,1800,23,28,9,0,2,2,0,0,0
"Pizarro Guido  G.","SEV",24,19,1754,25,49,9,0,0,5,0,0,0
"Bardhi Enis  E.","LEV",26,16,1580,25,38,9,0,3,69,43,0,0
"Djene ","GET",36,36,3239,26,52,9,0,1,12,0,0,0
"N'Diaye Diedhiou Amath  A.","GET",37,36,2883,62,73,9,0,9,41,0,0,0
"Bacca Carlos  C.","VIL",35,30,2511,20,23,9,0,40,36,1,1,1
"Arbilla Anaitz  A.","EIB",29,26,2411,11,25,8,0,0,14,2,0,0
"Pons Pere  P.","GIR",31,30,2564,35,57,8,0,0,9,5,0,0
"Alba Jordi  J.","BAR",33,30,2744,22,34,8,0,16,98,1,0,0
"Busquets Sergio  S.","BAR",31,30,2600,59,35,8,0,0,4,0,0,0
"Fuego Javi  J.","VIL",28,23,1880,36,34,8,0,0,4,0,0,0
"Hernandez Luis  L.","MAG",36,36,3240,10,42,8,0,3,20,0,0,0
"Casemiro ","RMD",30,30,2601,71,58,8,0,2,15,0,0,0
"Rodri ","VIL",37,36,3228,36,79,8,0,2,8,0,0,0
"Gabi ","ATL",34,25,2346,22,50,8,0,1,67,24,0,0
"Timor David  D.","GIR",17,10,922,10,16,8,0,0,4,0,0,0
"Chema ","LEV",25,23,2017,13,21,8,1,2,1,0,0,0
"Amat Jordi  J.","BET",25,24,2051,10,38,8,2,0,0,0,0,0
"Gumbau Gerard  G.","LGN",25,16,1431,5,39,8,0,1,6,1,0,0
"Stuani Cristhian  C.","GIR",33,32,2722,68,86,8,0,20,5,0,5,5
"Pina ","ALA",30,28,2392,29,74,8,0,1,8,0,0,0
"Costa Diego  D.","ATL",15,13,1048,19,23,8,1,19,9,0,0,0
"Hernandez Lucas  L.","ATL",27,24,2116,46,32,8,1,4,22,0,0,0
"Feddal Zouhair  Z.","BET",15,14,1257,16,20,7,0,1,7,0,0,0
"Iturraspe Ander  A.","ATH",30,20,1903,22,29,7,0,0,85,38,0,0
"Umtiti Samuel  S.","BAR",25,24,2189,25,22,7,0,4,2,1,0,0
"Jozabed ","CEL",24,18,1483,10,15,7,0,2,10,1,0,0
"Diop Pape  P.","EIB",20,15,1206,25,35,7,0,0,5,0,0,0
"Lopez David  D.","ESP",37,37,3330,26,44,7,0,2,9,0,0,0
"Fajr Faycal  F.","GET",31,26,2383,37,47,7,0,1,137,55,0,1
"Mosquera Pedro  P.","DEP",23,16,1397,11,32,7,0,0,19,0,0,0
"Nacho ","RMD",27,22,2073,28,34,7,0,0,26,0,0,0
"Montoya Martin  M.","VAL",25,24,2152,27,38,7,0,1,69,0,0,0
"Joaquin ","BET",35,29,2487,41,20,7,0,5,106,60,0,0
"Griezmann Antoine  A.","ATL",32,30,2529,43,24,7,1,25,60,18,2,2
"Vrsaljko Sime  S.","ATL",21,19,1697,12,31,7,0,3,107,3,0,0
"Morales Jose Luis  J.","LEV",35,35,3065,43,28,7,0,9,173,20,3,3
"Juanpe ","GIR",35,34,3064,7,47,7,0,1,7,0,0,0
"Barragan Antonio  A.","BET",29,28,2377,19,51,7,0,4,103,1,0,0
"Espinosa Bernardo  B.","GIR",34,32,2868,16,41,7,0,3,5,0,0,0
"Guardado Andres  A.","BET",29,25,2266,39,31,7,0,2,89,42,1,1
"Calleri Jonathan  J.","LP",37,34,3111,75,70,7,0,39,49,0,5,5
"Hermoso Mario  M.","ESP",22,22,1929,16,19,7,1,1,3,2,0,0
"Wakaso Mubarak  M.","ALA",21,12,1097,22,32,7,0,3,39,4,0,0
"Garcia Javi  J.","BET",32,27,2410,34,32,7,0,1,0,0,0,0
"Paulista Gabriel  G.","VAL",30,29,2584,18,23,7,1,0,2,0,0,0
"Darder Sergi  S.","ESP",35,32,2788,32,36,7,0,0,69,22,0,0
"Amrabat Noureddine  N.","LGN",30,17,1620,36,53,7,1,24,73,3,0,0
"Galvez Alejandro  A.","LP",22,22,1979,19,35,6,1,5,4,0,0,0
"Alexis ","ALA",28,25,2184,14,20,6,0,2,10,0,0,0
"Vigaray Carlos  C.","ALA",12,9,893,14,18,6,0,0,18,0,0,0
"Martin Aaron  A.","ESP",32,31,2815,20,29,6,0,0,156,16,0,0
"Andone Florin  F.","DEP",29,16,1630,19,58,6,0,18,25,0,0,1
"Lemos Mauricio  M.",NA,16,14,1262,4,19,6,0,0,0,0,0,0
"Macedo Michel  M.","LP",28,26,2136,44,38,6,1,6,65,0,0,0
"Castro Chory  C.","MAG",26,26,2075,27,24,6,1,3,155,35,1,1
"Martinez Inigo  I.","ATH",28,28,2496,35,30,6,0,3,34,0,0,0
"Orellana Fabian  F.","EIB",17,13,1182,20,15,6,1,4,71,23,0,0
"Mario ","VIL",32,31,2805,14,45,6,0,3,78,0,0,0
"Gimenez Jose Maria  J.","ATL",23,17,1684,18,16,6,0,2,6,0,0,0
"Godin Diego  D.","ATL",30,28,2554,26,46,6,0,5,0,0,0,0
"Partey Thomas  T.","ATL",33,28,2379,35,40,6,0,0,22,5,0,0
"Savic Stefan  S.","ATL",27,26,2299,8,23,6,0,0,4,0,0,0
"Pires Gabriel  G.","LGN",29,28,2383,51,58,6,1,2,31,0,1,1
"Vesga Mikel  M.","ATH",12,11,807,11,15,6,0,0,14,5,0,0
"Portillo ","GET",33,28,2465,30,27,6,0,2,47,9,1,2
"Cartabia Fede  F.","DEP",20,16,1332,47,23,6,0,4,61,16,0,0
"Postigo Sergio  S.","LEV",30,27,2426,15,12,6,0,0,7,0,0,0
"Angel ","GET",33,26,2298,36,48,6,0,32,39,0,0,1
"Mojica Johan  J.","GIR",30,22,2131,48,40,6,0,6,140,1,0,0
"Iturra Manuel  M.","MAG",20,18,1583,20,43,6,0,0,15,4,0,0
"Coke ","LEV",17,16,1385,12,27,6,1,4,46,0,0,0
"Bartra Marc  M.","BET",16,16,1421,16,19,6,0,0,4,0,0,0
"Garcia Kike  K.","EIB",35,28,2464,76,47,5,0,15,23,0,0,0
"Luna Antonio  A.","LEV",23,22,2021,15,21,5,0,3,70,0,0,0
"Aduriz ","ATH",33,21,2149,40,40,5,0,35,27,0,3,5
"De Marcos ","ATH",21,20,1663,10,17,5,0,4,83,0,0,0
"Laporte Aymeric  A.",NA,19,19,1710,18,19,5,0,2,14,0,0,0
"Saborit Enric  E.","ATH",19,16,1429,13,20,5,0,1,45,0,0,0
"San Jose ","ATH",26,24,2156,10,37,5,0,0,17,0,0,0
"Cabral Gustavo  G.","CEL",26,20,1890,4,16,5,0,1,0,0,0,0
"Hernandez Pablo  P.","CEL",30,18,1812,63,51,5,0,8,11,0,0,0
"Albentosa Raul  R.","DEP",20,19,1749,14,15,5,0,1,3,0,0,0
"Borges Celso  C.","DEP",32,26,2306,14,35,5,1,3,21,1,0,0
"Navarro Fernando  F.","DEP",15,11,1042,12,19,5,0,0,15,0,0,0
"Castellano Dani  D.","LP",24,23,2027,30,16,5,0,4,43,0,0,0
"Charles ","EIB",30,18,1580,28,42,5,1,11,10,0,1,1
"Bale Gareth  G.","RMD",26,20,1803,16,25,5,0,13,68,1,1,1
"Bergara Markel  M.","GET",18,18,1469,19,33,5,0,2,6,0,0,0
"Granero Esteban  E.","ESP",25,11,1222,22,18,5,0,1,87,40,0,0
"Bakkali Zakaria  Z.","DEP",23,10,906,19,14,5,0,4,39,11,0,0
"Garay Ezequiel  E.","VAL",24,23,2030,15,21,5,0,1,2,0,0,0
"Bakambu Cedric  C.",NA,15,15,1269,19,41,5,0,11,18,0,1,1
"Rukavina Antonio  A.","VIL",17,14,1269,3,19,5,0,0,30,0,0,0
"Bruno ","GET",20,17,1538,10,18,5,0,2,0,0,0,0
"Correa Joaquin  J.","SEV",21,15,1198,43,26,5,0,5,13,1,0,0
"Correa Angel  A.","ATL",37,27,2262,49,46,5,1,6,57,3,0,0
"Bustinza Unai  U.","LGN",20,18,1636,19,27,5,0,2,18,0,0,0
"Leon Sergio  S.","BET",31,23,1981,38,24,5,0,11,15,2,0,1
"Alejo Ivan  I.","EIB",22,14,1084,45,23,5,0,3,100,2,0,0
"Pedraza Alfonso  A.","ALA",33,27,2441,21,45,5,0,5,98,2,0,0
"Dieguez Adrian  A.","ALA",6,6,436,1,17,5,0,0,2,0,0,0
"Portu ","GIR",37,35,3010,56,53,5,0,24,86,0,0,0
"Molinero ","GET",10,5,575,6,21,5,0,0,14,0,0,0
"Mora Sergio  S.","GET",26,6,799,6,15,5,0,0,6,0,0,0
"Sobrino Ruben  R.","ALA",28,15,1461,32,39,5,0,6,20,1,0,0
"Jimenez Alvaro  A.","GET",13,5,524,25,12,5,1,0,19,0,0,0
"Gonzalez Diego  D.","MAG",18,17,1432,3,27,5,0,1,11,0,0,0
"Boateng Emmanuel  E.","LEV",25,10,1270,38,40,5,0,9,7,0,0,0
"Cabaco Erick  E.","LEV",14,12,1039,11,13,5,0,0,2,0,0,0
"Remy Loic  L.","GET",23,12,1219,19,22,5,1,12,14,0,1,1
"Pereira Andreas  A.","VAL",23,12,1076,21,20,5,0,1,75,9,0,0
"Miquel Ignasi  I.","MAG",20,20,1775,15,40,5,1,0,1,0,0,0
"Capa ","EIB",33,25,2247,9,34,4,0,6,90,0,0,0
"Inui Takashi  T.","EIB",34,31,2640,49,41,4,0,5,72,12,0,0
"Ramis Ivan  I.","EIB",16,15,1303,8,11,4,0,2,2,0,0,0
"Aguirregabiria Martin  M.","ALA",21,20,1829,18,20,4,0,0,56,0,0,0
"Santos Christian  C.","ALA",10,5,433,0,17,4,1,2,2,0,0,0
"Arrizabalaga Kepa  K.","ATH",30,30,2700,7,1,4,0,0,1,0,0,0
"Eraso ","LGN",34,31,2540,25,35,4,0,6,99,49,0,0
"Rakitic Ivan  I.","BAR",35,31,2838,45,34,4,0,3,72,48,0,0
"Beauvue Claudio  C.","LGN",28,17,1670,27,31,4,0,17,16,0,0,0
"Wass Daniel  D.","CEL",35,34,2938,53,26,4,0,11,174,73,0,0
"Baptistao Leo  L.","ESP",36,31,2686,49,47,4,0,15,58,1,0,0
"Lopez Javi  J.","ESP",14,12,967,19,20,4,0,0,29,0,0,0
"Moreno Gerard  G.","ESP",38,38,3413,75,56,4,0,35,67,1,1,2
"Sidnei ","DEP",21,21,1779,11,12,4,0,0,5,0,0,0
"Colak Emre  E.","DEP",26,17,1452,24,21,4,0,2,81,30,0,0
"Castellano Javi  J.","LP",23,17,1565,26,16,4,0,0,4,0,0,0
"Viera Jonathan  J.",NA,23,23,1994,69,22,4,0,3,101,44,1,3
"Fornals Pablo  P.","VIL",35,30,2623,32,32,4,0,2,62,11,0,0
"Kuzmanovic Zdravko  Z.","MAG",8,6,481,2,7,4,2,0,3,0,0,0
"Ontiveros Javi  J.",NA,12,1,380,6,8,4,0,0,24,4,0,0
"Ricca Federico  F.","MAG",14,13,1111,7,18,4,0,0,31,0,0,0
"Kroos Toni  T.","RMD",27,26,2267,38,22,4,0,2,161,133,0,0
"Canales Sergio  S.","RSO",36,20,1921,30,22,4,0,0,170,98,0,0
"Navas Raul  R.","RSO",20,20,1792,8,12,4,0,0,4,0,0,0
"Odriozola Alvaro  A.","RSO",35,32,2917,32,23,4,1,9,177,2,0,0
"Oyarzabal Mikel  M.","RSO",35,31,2779,45,29,4,0,17,120,62,0,0
"Willian Jose ","RSO",34,32,2780,53,32,4,0,20,22,1,3,4
"Lato Toni  T.","VAL",16,9,798,7,10,4,0,1,18,0,0,0
"Mina Santi  S.","VAL",32,17,1549,35,25,4,0,11,15,0,1,1
"Rodrigo ","VAL",37,31,2695,40,28,4,0,20,44,2,1,1
"Soler Carlos  C.","VAL",33,27,2374,43,55,4,0,1,70,3,0,0
"Bonera Daniele  D.","VIL",15,14,1190,10,14,4,1,0,0,0,0,0
"Castillejo Samu  S.","VIL",30,25,2083,66,41,4,0,7,120,75,0,0
"Cote Jose Angel  J.","EIB",30,28,2430,17,18,4,0,1,210,40,0,0
"Adan ","BET",30,30,2700,3,0,4,0,0,0,0,0,0
"Durmisi Riza  R.","BET",24,23,2080,10,15,4,0,2,83,4,0,0
"Vazquez Franco  F.","SEV",30,22,1845,61,49,4,0,9,46,2,0,0
"Filipe Luis ","ATL",20,19,1660,27,16,4,0,1,50,1,0,0
"Rober ","LEV",25,19,1904,7,18,4,0,0,2,0,0,0
"Lopez Pedro  P.","LEV",21,18,1596,28,19,4,0,4,59,0,0,0
"Marti Roger  R.","LEV",17,10,962,13,17,4,0,5,15,0,1,1
"Alcala Pedro  P.","GIR",8,8,690,3,11,4,0,2,4,0,0,0
"Cuellar Ivan  I.","LGN",35,35,3150,7,0,4,0,0,0,0,0,0
"Muriel Luis  L.","SEV",29,17,1603,14,25,4,0,30,26,2,0,0
"Maripan Guillermo  G.","ALA",19,17,1527,4,16,4,0,0,2,0,0,0
"Garcia Sergio  S.","ESP",33,14,1629,35,20,4,0,13,33,0,0,0
"Januzaj Adnan  A.","RSO",28,18,1579,59,32,4,0,6,77,32,0,0
"Corchia Sebastien  S.","SEV",12,9,823,22,20,4,0,3,24,0,0,0
"Nolito ","SEV",30,17,1599,24,17,4,0,20,46,17,0,1
"De la Bella Alberto  A.","RSO",17,17,1529,17,21,4,0,6,82,0,0,0
"Douglas Luiz ","GIR",15,1,295,8,13,4,0,0,9,3,0,0
"Doukoure Cheick  C.","LEV",19,12,1020,10,36,4,0,0,4,0,0,0
"Lukic Sasa  S.","LEV",16,12,996,16,24,4,0,0,8,1,0,0
"Murillo Jeison  J.","VAL",17,15,1374,15,16,4,0,2,1,0,0,0
"Aquilani Alberto  A.","LP",21,15,1298,14,18,4,0,1,12,0,0,0
"Mor Emre  E.","CEL",23,4,650,22,10,4,0,2,57,15,0,0
"Firpo Junior  J.","BET",14,14,1190,16,18,4,0,0,22,0,0,0
"Layun Miguel  M.","SEV",16,11,1181,9,11,4,0,0,64,12,0,0
"Dos Santos Mauro  M.","LGN",14,10,981,3,9,3,0,2,3,0,0,0
"Escalante Gonzalo  G.","EIB",28,16,1561,16,26,3,0,0,9,0,0,0
"Junca ","EIB",15,10,902,7,14,3,0,0,72,8,0,0
"Laguardia ","ALA",17,17,1530,5,10,3,0,0,4,0,0,0
"Benat ","ATH",24,12,1115,15,17,3,0,0,102,50,0,0
"Boveda Eneko  E.","DEP",14,13,1191,4,22,3,0,1,28,0,0,0
"Lekue Inigo  I.","ATH",32,22,2104,12,24,3,0,1,78,0,0,0
"Williams Inaki  I.","ATH",38,31,2851,41,32,3,0,27,86,0,0,0
"Messi Lionel  L.","BAR",36,32,2996,80,17,3,0,13,98,44,2,4
"Roberto Sergi  S.","BAR",30,24,2224,25,15,3,2,1,63,0,0,0
"Vermaelen Thomas  T.","BAR",14,12,1018,3,9,3,0,1,2,0,0,0
"Guidetti John  J.","ALA",25,15,1338,16,30,3,0,11,23,1,0,0
"Gomez Sergi  S.","CEL",33,31,2682,9,12,3,0,2,4,0,0,0
"Radoja Nemanja  N.","CEL",26,11,1097,13,11,3,0,1,5,1,0,0
"Ruben ","CEL",22,22,1942,0,1,3,1,0,0,0,0,0
"Navarro Marc  M.","ESP",19,10,1105,9,13,3,0,0,65,0,0,0
"Perez Hernan  H.","ALA",14,5,510,7,13,3,0,3,30,8,0,0
"Juanfran ","DEP",35,34,3058,33,24,3,0,1,174,2,0,0
"Bigas ","LP",12,11,896,6,12,3,0,1,0,0,0,0
"Gomez Vicente  V.","LP",25,17,1525,28,23,3,0,0,16,0,0,0
"Momo ","LP",13,8,674,21,6,3,0,3,40,11,0,0
"Simon David  D.","LP",11,6,718,12,16,3,0,1,34,0,0,0
"En-Nesyri Youseff  Y.","MAG",25,16,1592,33,34,3,1,15,22,0,0,1
"Keko ","MAG",21,15,1217,28,35,3,0,6,41,0,0,0
"Penaranda Adalberto  A.","MAG",13,11,807,27,28,3,0,3,4,0,0,0
"Torres Miguel  M.","MAG",8,8,675,0,7,3,0,2,6,0,0,0
"Marcelo ","RMD",28,26,2262,41,27,3,1,3,162,12,0,0
"Modric Luka  L.","RMD",26,23,1976,30,20,3,0,0,32,6,0,0
"Varane Raphael  R.","RMD",27,27,2323,12,19,3,0,0,3,0,0,0
"Vazquez Lucas  L.","RMD",33,16,1668,42,33,3,0,12,116,21,0,0
"Juanmi ","RSO",30,18,1490,23,21,3,0,15,10,0,0,0
"Rulli Geronimo  G.","RSO",26,26,2340,2,1,3,0,0,0,0,0,0
"Zubeldia Igor  I.","RSO",25,16,1578,14,20,3,0,1,11,1,0,0
"Asenjo Sergio  S.","VIL",23,23,2070,3,2,3,0,0,0,0,0,0
"Raba Daniel  D.","VIL",21,14,1113,27,24,3,1,8,47,21,0,0
"Soriano Roberto  R.","VIL",22,11,1135,33,36,3,0,7,22,4,0,0
"Brasanac Darko  D.","LGN",23,13,1201,20,19,3,0,3,14,2,0,0
"Ben Yedder Wissam  W.","SEV",25,18,1699,19,17,3,1,21,21,0,0,0
"Carrasco Yannick  Y.",NA,17,8,899,8,13,3,0,2,33,8,0,0
"Juanfran ","ATL",17,15,1308,9,33,3,0,5,43,0,0,0
"Koke ","ATL",35,33,2762,51,24,3,0,1,167,99,0,0
"Lucas ",NA,15,13,1182,28,15,3,0,2,21,0,0,0
"Guerrero ","LGN",22,15,1438,23,35,3,0,12,3,0,0,1
"Mantovani ","LGN",14,10,1019,14,18,3,0,0,0,0,0,0
"Omar ","LGN",23,18,1457,17,14,3,0,2,83,24,0,0
"Lopez Pau  P.","ESP",29,28,2566,3,0,3,0,0,0,0,0,0
"Ruiz Fabian  F.","BET",34,30,2662,35,27,3,0,2,23,1,0,0
"Navarro Ximo  X.",NA,12,10,941,20,8,3,0,0,6,0,0,0
"Martinez Ruben  R.","DEP",28,27,2477,5,0,3,0,0,0,0,0,0
"Jordan Joan  J.","EIB",35,25,2422,19,34,3,1,5,118,64,1,2
"Vezo Ruben  R.","VAL",19,17,1554,14,23,3,1,1,20,0,0,0
"Ramalho Jonas  J.","GIR",26,25,2297,12,20,3,0,1,12,0,0,0
"Lacen Mehdi  M.","MAG",19,12,1123,11,21,3,0,0,9,0,0,0
"Cordoba Inigo  I.","ATH",30,18,1457,35,20,3,0,5,82,0,0,0
"Oliveira Paulo  P.","EIB",26,25,2215,12,15,3,0,0,2,0,0,0
"Garcia Aleix  A.","GIR",20,7,843,5,5,3,0,0,37,30,0,0
"Kjaer Simon  S.","SEV",20,18,1571,9,17,3,0,0,2,0,0,0
"Ivi ","LEV",29,17,1759,20,40,3,0,4,106,28,1,1
"Muniesa Marc  M.","GIR",13,13,1129,9,11,3,0,0,2,0,0,0
"Vila Didac  D.","ESP",14,7,725,13,13,3,0,1,33,2,0,0
"Perez Lucas  L.","DEP",35,31,2796,33,26,3,0,37,189,107,3,4
"Lomban David  D.","EIB",13,11,996,5,9,3,0,1,0,0,0,0
"Penalba Gabriel  G.","LP",7,7,572,4,9,3,0,0,1,0,0,0
"Cabrera Leandro  L.","GET",9,8,720,2,14,3,0,1,24,0,0,0
"Aguirregaray Matias  M.","LP",15,14,1155,21,20,3,0,1,33,0,0,0
"Moron Loren  L.","BET",15,12,1064,28,25,3,0,5,4,0,0,0
"Etebo Oghenekaro  O.","LP",14,14,1215,45,21,3,0,1,3,2,0,0
"Sanchez Carlos  C.","ESP",14,13,1123,14,25,3,0,0,2,0,0,0
"Flamini Mathieu  M.","GET",8,6,482,1,13,3,1,0,5,0,0,0
"Muntari Sulley  S.","DEP",8,6,408,7,11,3,0,0,8,0,0,0
"Enrich Sergi  S.","EIB",19,14,1330,28,20,2,0,20,7,1,0,0
"Camarasa Victor  V.","BET",24,14,1253,31,19,2,0,2,8,1,0,0
"Pacheco Fernando  F.","ALA",38,37,3357,3,0,2,0,0,0,0,0,0
"Torres Daniel  D.","ALA",18,14,1218,15,22,2,0,0,4,0,0,0
"Etxeita ","ATH",5,5,377,2,10,2,0,0,1,0,0,0
"Rico Mikel  M.","ATH",17,13,1170,22,19,2,0,0,11,1,0,0
"Susaeta ","ATH",34,26,2268,49,20,2,0,9,189,87,0,0
"Yeray ","ATH",8,7,675,9,12,2,0,0,3,0,0,0
"Digne Lucas  L.","BAR",12,8,702,7,12,2,0,2,17,0,0,0
"Fontas Andreu  A.","CEL",12,9,884,1,6,2,0,0,0,0,0,0
"Roncaglia Facundo  F.","CEL",21,17,1492,9,16,2,0,1,7,0,0,0
"Sisto Pione  P.","CEL",34,31,2534,73,15,2,0,10,92,26,0,0
"Garcia David  D.","LP",11,9,859,14,11,2,0,0,5,0,0,0
"Mesa Roque  R.","SEV",7,4,342,7,10,2,0,0,2,1,0,0
"Tana ","LP",24,16,1553,36,11,2,0,0,62,40,0,0
"Juankar ","MAG",10,9,784,8,9,2,0,1,26,0,0,0
"Asensio Marco  M.","RMD",32,19,1839,28,8,2,0,3,123,49,0,0
"Kovacic Mateo  M.","RMD",21,10,988,20,10,2,0,0,5,0,0,0
"Rodrigues Kevin  K.","RSO",20,18,1633,15,23,2,0,0,78,1,0,0
"Zurutuza ","RSO",31,26,2248,46,44,2,0,1,18,1,0,0
"Domenech Jaume  J.","VAL",5,5,450,1,0,2,0,0,0,0,0,0
"Medran Alvaro  A.","ALA",18,10,1014,15,21,2,0,2,20,4,0,0
"Cheryshev Denis  D.","VIL",24,9,920,15,21,2,0,5,42,0,0,0
"Leiva Nahuel  N.",NA,7,3,249,6,7,2,0,0,6,0,0,0
"Krohn-Dehli Michael  M.","DEP",24,15,1266,6,12,2,0,2,39,20,0,0
"N'Zonzi Steven  S.","SEV",27,26,2215,13,31,2,0,2,11,0,0,0
"Pareja Nico  N.","SEV",5,5,405,2,10,2,0,0,1,0,0,0
"Rico Sergio  S.","SEV",24,23,2155,3,1,2,0,0,0,0,0,0
"Vietto Luciano  L.","VAL",20,9,795,14,9,2,0,8,14,0,0,0
"Torres Fernando  F.","ATL",27,7,966,23,17,2,0,10,9,0,0,1
"El Zhar Nabil  N.","LGN",30,20,1981,35,31,2,0,6,83,11,0,0
"Garcia Samu  S.","MAG",18,4,358,6,22,2,1,1,7,0,0,0
"Moran Erik  E.",NA,6,2,225,0,3,2,0,0,2,0,0,0
"Tello Cristian  C.","BET",32,16,1684,20,15,2,0,10,30,4,0,0
"Chichizola Leandro  L.","LP",27,27,2430,6,0,2,0,0,1,0,0,0
"Olazabal Oier  O.","LEV",26,26,2340,5,1,2,0,0,0,0,0,0
"Baston Borja  B.","MAG",20,8,977,6,16,2,0,9,6,0,1,2
"Jason ","LEV",27,22,1792,29,30,2,0,5,71,13,0,0
"Tono ","LEV",12,12,1080,8,6,2,0,0,48,0,0,0
"Bounou Yassine  Y.","GIR",30,30,2655,1,1,2,0,0,1,0,0,0
"Garcia Borja  B.","GIR",37,34,2812,110,27,2,0,0,118,46,0,0
"Neto ","VAL",33,33,2970,4,0,2,0,0,1,0,0,0
"Toledo Hernan  H.","LP",15,6,617,10,8,2,0,3,30,0,0,0
"Lobotka Stanislav  S.","CEL",38,34,3061,46,42,2,0,0,14,0,0,0
"Shibasaki Gaku  G.","GET",22,12,1003,13,27,2,0,5,31,15,0,0
"Cecchini Emanuel  E.",NA,2,0,29,0,2,2,0,0,0,0,0,0
"Navas Jesus  J.","SEV",26,20,1762,25,16,2,0,8,109,3,0,0
"Munoz Ezequiel  E.","LGN",19,17,1407,6,18,2,0,2,2,0,0,0
"Boudebouz Ryad  R.","BET",27,15,1361,17,21,2,0,1,63,24,0,0
"Naldo ","ESP",11,10,922,0,7,2,0,1,1,0,0,0
"Paulinho ","BAR",34,21,1939,32,32,2,0,4,7,0,0,0
"Kayode Olarenwaju  O.","GIR",12,2,375,11,11,2,0,5,5,0,0,0
"Francis ","BET",14,10,991,27,18,2,0,1,37,0,0,0
"Dembele Ousmane  O.","BAR",17,12,930,18,10,2,0,3,63,26,0,0
"Guedes Goncalo  G.","VAL",33,27,2441,71,33,2,0,10,81,5,0,0
"Naranjo ","LGN",16,6,561,4,12,2,0,2,18,8,0,0
"Mina Yerry  Y.","BAR",5,4,370,6,6,2,0,1,0,0,0,0
"Coquelin Francis  F.","VAL",9,7,656,7,15,2,0,1,6,0,0,0
"Ideye Brown  B.","MAG",13,8,731,14,12,2,0,8,4,0,0,0
"Boye Lucas  L.","CEL",13,2,267,1,11,2,0,0,12,0,0,0
"Nano ",NA,9,2,274,4,7,1,0,5,1,0,0,0
"Pedro Leon ","EIB",12,10,929,10,12,1,0,3,146,68,0,0
"Pena Ruben  R.","EIB",28,18,1727,18,17,1,0,5,73,0,0,0
"Sarriegi Imanol  I.","EIB",3,0,37,0,1,1,0,0,0,0,0,0
"Garcia Raul  R.","LGN",19,15,1388,19,9,1,0,0,90,16,0,0
"Hernandez Theo  T.","RMD",13,10,961,15,11,1,0,1,39,0,0,0
"Ibai ","ALA",34,26,2324,20,17,1,0,8,189,81,1,1
"Llorente Marcos  M.","RMD",13,5,540,4,6,1,0,0,1,0,0,0
"Balenziaga ","ATH",18,18,1554,15,22,1,0,0,48,0,0,0
"Iraizoz ","GIR",9,8,765,0,0,1,0,0,0,0,0,0
"Merino Sabin  S.","ATH",13,4,371,6,6,1,0,3,5,0,0,0
"Muniain Iker  I.","ATH",14,7,775,30,5,1,0,1,17,5,0,0
"Deulofeu Gerard  G.",NA,10,5,503,5,11,1,0,4,29,14,0,0
"Gomes Andre  A.","BAR",16,6,629,5,16,1,0,3,4,0,0,0
"Iniesta Andres  A.","BAR",30,25,1842,42,15,1,0,0,34,1,0,0
"Suarez Denis  D.","BAR",18,4,584,10,6,1,0,0,31,21,0,0
"Duarte Oscar  O.","ESP",11,11,990,6,8,1,0,0,1,0,0,0
"Jurado Jose Manuel  J.","ESP",29,20,1506,34,6,1,0,0,33,0,0,0
"Lopez Diego  D.","ESP",10,10,854,1,1,1,0,0,0,0,0,0
"Melendo ","ESP",18,6,680,21,6,1,0,0,9,2,0,0
"Exposito Edu  E.","DEP",3,0,94,1,2,1,0,0,1,0,0,0
"Gama Bruno  B.",NA,6,1,112,4,5,1,0,0,5,3,0,0
"Halilovic Alen  A.","LP",20,16,1306,25,9,1,1,1,85,24,0,0
"Hernan ",NA,7,4,351,7,8,1,0,0,3,1,0,0
"Jony ",NA,5,1,214,2,2,1,0,0,31,9,0,0
"Juanpi ","MAG",16,5,604,15,4,1,0,0,18,7,0,0
"Mula Alejandro  A.",NA,11,7,562,4,6,1,0,2,26,2,0,0
"Ronaldo Cristiano  C.","RMD",27,27,2292,18,19,1,0,41,42,4,3,4
"Isco ","RMD",30,21,1778,59,19,1,0,6,112,49,0,0
"Navas Keylor  K.","RMD",27,27,2430,3,1,1,0,0,0,0,0,0
"Elustondo Aritz  A.","RSO",19,18,1598,10,20,1,0,3,11,0,0,0
"Prieto Xabi  X.","RSO",26,24,1940,32,15,1,0,4,75,15,1,1
"Gil Nacho  N.","LP",20,10,958,32,21,1,0,2,48,34,0,0
"Vidal Nacho  N.","VAL",7,5,446,3,5,1,0,0,6,0,0,0
"Adrian ","DEP",30,26,2346,29,17,1,0,12,53,2,0,0
"Guerra Ramiro  R.","VIL",4,0,67,2,1,1,0,0,1,0,0,0
"Sansone Nicola  N.","VIL",18,5,627,12,3,1,0,9,28,9,1,1
"Unal Enes  E.","VIL",30,18,1718,34,42,1,0,13,8,0,0,0
"Carrico Daniel  D.","SEV",6,5,459,0,5,1,0,0,0,0,0,0
"Soria David  D.","SEV",15,15,1265,1,0,1,0,0,0,0,0,0
"Vitolo ","ATL",23,16,1309,51,24,1,1,5,25,1,0,0
"Fernandez Augusto  A.",NA,5,1,105,1,1,1,0,0,1,0,0,0
"Oblak Jan  J.","ATL",37,37,3330,3,2,1,0,0,0,0,0,0
"Marin Adrian  A.","VIL",3,2,233,0,6,1,0,0,2,0,0,0
"Szymanowski Alexander  A.","LGN",13,13,1064,18,19,1,0,8,46,9,1,1
"Aketxe Ager  A.",NA,3,0,34,0,1,1,0,0,6,3,0,0
"Dmitrovic Marko  M.","EIB",36,36,3240,5,0,1,0,0,1,1,0,0
"Baysse Paul  P.",NA,15,13,1238,8,20,1,0,4,1,0,0,0
"Valle Borja  B.","DEP",17,3,474,8,12,1,0,6,8,0,0,0
"Burgui ","ALA",23,12,1034,18,13,1,0,6,25,2,0,0
"Maksimovic Nemanja  N.","VAL",15,6,551,2,5,1,0,0,8,0,0,0
"Guaita ","GET",33,33,2970,4,0,1,0,0,1,0,0,0
"Semedo Nelson  N.","BAR",24,17,1495,22,12,1,0,3,26,0,0,0
"Gonzalez Fabio  F.","LP",1,1,65,0,1,1,0,0,0,0,0,0
"Chuca ","VIL",4,1,86,2,3,1,0,0,9,6,0,0
"Rolon Esteban  E.","MAG",8,6,421,4,12,1,0,0,1,0,0,0
"Campbell Joel  J.","BET",8,2,209,13,3,1,0,0,6,0,0,0
"Tannane Oussama  O.",NA,10,7,574,17,15,1,0,1,34,21,0,0
"Sanchez Sergio  S.","ESP",2,1,102,0,2,1,0,0,2,0,0,0
"Jairo ","LP",11,6,558,7,11,1,0,3,13,0,0,0
"Coutinho Philippe  P.","BAR",18,16,1303,32,13,1,0,8,61,51,0,0
"Martinez Roger  R.","VIL",8,2,226,10,6,1,0,1,5,0,0,0
"Ndockyt Merveil  M.","GET",6,0,62,3,4,1,0,0,1,0,0,0
"Aldawsari Salem  S.","VIL",1,0,33,1,1,1,0,1,0,0,0,0
"Pazzini Giampaolo  G.","LEV",9,5,444,11,10,1,0,5,4,0,0,0
"Sadiku Armando  A.","LEV",6,4,267,1,6,1,0,2,2,0,0,0
"Lestienne Maxime  M.","MAG",12,8,671,3,3,1,0,1,39,6,0,0
"Moreno Hector  H.","RSO",8,8,720,13,9,1,0,1,3,0,0,0
"Carlos Isaac ","ATL",1,1,64,1,2,1,0,0,1,0,0,0
"Rodriguez Ivan  I.","MAG",1,0,19,0,1,1,0,0,0,0,0,0
"Bebe ",NA,9,3,361,4,8,0,0,3,47,7,0,0
"Riesgo Asier  A.","EIB",1,1,90,0,0,0,0,0,0,0,0,0
"Rivera Cristian  C.",NA,7,2,241,0,3,0,0,0,1,0,0,0
"Yoel ","EIB",1,1,90,0,0,0,0,0,0,0,0,0
"Amagat Eloi  E.","GIR",2,0,14,0,0,0,0,0,1,0,0,0
"Katai Aleksandar  A.",NA,3,0,52,1,2,0,0,1,0,0,0,0
"Romero Oscar  O.",NA,5,2,248,10,6,0,0,0,13,3,0,0
"Lopez Andoni  A.","ATH",1,1,90,1,3,0,0,0,3,0,0,0
"Alcacer Paco  P.","BAR",17,8,694,9,2,0,0,7,10,3,0,0
"Cillessen Jasper  J.","BAR",1,1,90,0,0,0,0,0,0,0,0,0
"Mascherano Javier  J.",NA,7,6,541,1,9,0,0,0,0,0,0,0
"Ter Stegen Marc-Andre  M.","BAR",37,37,3330,1,0,0,0,0,0,0,0,0
"Vidal Aleix  A.","BAR",15,4,453,12,2,0,0,2,13,4,0,0
"Hjulsager Andrew  A.",NA,2,0,12,0,0,0,0,0,1,0,0,0
"Planas Carles  C.","GIR",5,2,191,0,2,0,0,0,9,0,0,0
"Alvarez Sergio  S.","CEL",17,16,1475,5,0,0,0,0,1,0,0,0
"Piatti Pablo  P.","ESP",30,22,1747,53,34,0,0,7,171,63,1,1
"Prieto Andres  A.","MAG",4,4,360,0,0,0,0,0,0,0,0,0
"Roberto ","MAG",34,34,3060,4,0,0,0,0,1,0,0,0
"Roca Marc  M.","ESP",8,2,259,0,7,0,0,0,1,1,0,0
"Arribas Alejandro  A.",NA,3,3,270,2,5,0,0,0,0,0,0,0
"Gil Carles  C.","DEP",10,6,478,16,3,0,0,0,13,7,0,0
"Tyton Przemyslaw  P.","DEP",2,1,97,0,0,0,0,0,0,0,0,0
"Artiles Aythami  A.",NA,3,2,183,1,0,0,0,0,0,0,0,0
"Exposito Erik  E.","LP",10,4,462,4,5,0,0,2,3,0,0,0
"Lizoain Raul  R.","LP",11,11,990,3,0,0,0,0,0,0,0,0
"Ramirez Benito  B.","LP",4,1,164,1,1,0,0,0,20,4,0,0
"Ramirez Sandro  S.","SEV",13,7,715,22,17,0,0,5,25,9,0,0
"Benzema Karim  K.","RMD",32,25,2156,12,18,0,0,16,24,0,2,2
"Casilla Kiko  K.","RMD",10,10,900,0,0,0,0,0,0,0,0,0
"Hakimi Achraf  A.","RMD",9,8,757,7,8,0,0,1,30,0,0,0
"Zidane Enzo  E.",NA,2,1,71,0,0,0,0,0,0,0,0,0
"Zidane Luca  L.","RMD",1,1,90,0,0,0,0,0,0,0,0,0
"Agirretxe ","RSO",11,2,223,4,1,0,0,1,2,0,0,0
"Bautista Jon  J.","RSO",11,1,172,1,6,0,0,1,1,0,0,0
"Guridi Jon  J.","RSO",4,0,50,1,0,0,0,0,0,0,0,0
"Martinez Carlos  C.","RSO",1,0,2,1,1,0,0,0,0,0,0,0
"Tono ","RSO",4,3,315,0,0,0,0,0,0,0,0,0
"Vela Carlos  C.",NA,13,2,373,18,6,0,0,2,22,11,0,0
"Cancelo Joao  J.",NA,1,1,90,2,3,0,0,0,9,0,0,0
"Sivera Antonio  A.","ALA",1,1,63,0,0,0,0,0,0,0,0,0
"Barbosa ","VIL",13,12,1125,3,0,0,0,0,0,0,0,0
"Fernandez Andres  A.","VIL",3,3,225,0,0,0,0,0,0,0,0,0
"Gonzalez Mario  M.","VIL",2,0,16,0,0,0,0,1,1,0,0,0
"Poveda Dario  D.","VIL",1,0,1,0,0,0,0,0,0,0,0,0
"Suarez Leo  L.","VIL",1,0,28,1,0,0,0,1,1,0,0,0
"Torres Pau  P.","VIL",2,0,51,0,2,0,0,0,0,0,0,0
"Alegria Alex  A.","LEV",9,8,632,18,16,0,0,5,2,0,0,0
"Castro Ruben  R.","BET",10,3,354,5,1,0,0,6,1,0,1,1
"Ceballos Dani  D.","RMD",12,4,397,15,7,0,0,0,5,4,0,0
"Gimenez Dani  D.","BET",4,4,309,1,0,0,0,0,0,0,0,0
"Lopez Pedro  P.","BET",5,4,411,0,0,0,0,0,0,0,0,0
"Navarro Rafa  R.","BET",3,1,133,3,2,0,0,0,3,0,0,0
"Pardo Ruben  R.","RSO",6,3,223,2,1,0,1,0,9,5,0,0
"Sanabria Tony  T.","BET",17,8,847,15,12,0,0,8,3,0,0,0
"Tosca Alin  A.",NA,6,5,424,3,5,0,0,0,8,0,0,0
"Ganso ","SEV",8,7,524,11,5,0,0,0,6,4,0,0
"Montoya Walter  W.",NA,1,1,77,2,3,0,0,1,1,0,0,0
"Gaitan Nico  N.",NA,6,1,216,4,1,0,0,1,10,5,0,0
"Gameiro Kevin  K.","ATL",25,11,1119,10,9,0,0,12,7,0,2,2
"Moya Toni  T.","ATL",1,0,2,0,0,0,0,0,0,0,0,0
"Moya ","RSO",9,9,765,0,1,0,0,0,0,0,0,0
"Arribas Sergio  S.","LGN",1,0,22,0,0,0,0,0,0,0,0,0
"Bueno Alberto  A.","MAG",11,1,217,7,3,0,0,1,5,0,0,0
"Champagne Nereo  N.","LGN",2,2,180,0,0,0,0,0,0,0,0,0
"Herrerin Iago  I.","ATH",8,8,720,2,2,0,0,0,0,0,0,0
"Mozo Alex  A.","LGN",1,0,45,1,2,0,0,0,0,0,0,0
"Serantes Jon Ander  J.","LGN",1,1,90,0,0,0,0,0,0,0,0,0
"Tito ","LGN",9,6,607,6,8,0,0,0,15,0,0,0
"Koke ","LEV",1,1,90,0,0,0,1,0,0,0,0,0
"Moore Shaq  S.","LEV",6,5,424,3,8,0,0,0,12,0,0,0
"Mayoral Borja  B.","RMD",14,3,338,5,4,0,0,7,1,0,0,0
"Hernandez Hector  H.","ALA",1,0,15,0,0,0,0,0,0,0,0,0
"Samper Sergi  S.",NA,2,2,145,2,2,0,0,0,2,0,0,0
"Pacheco Dani  D.","GET",11,0,165,0,0,0,0,0,19,6,0,0
"Valverde Fede  F.","DEP",24,12,1229,3,14,0,0,1,18,3,0,0
"Semedo Ruben  R.","VIL",4,3,231,1,1,0,0,0,0,0,0,0
"Werner Axel  A.","ATL",1,1,90,0,0,0,0,0,0,0,0,0
"Araujo Sergio  S.",NA,2,0,37,0,0,0,0,0,0,0,0,0
"Vallejo Jesus  J.","RMD",7,7,630,2,2,0,0,1,1,0,0,0
"Cifuentes ",NA,2,1,107,2,4,0,0,0,12,0,0,0
"N'Diaye Alfred  A.",NA,2,1,100,0,2,0,0,0,0,0,0,0
"Fernandez Raul  R.","LEV",11,11,990,2,0,0,0,0,0,0,0,0
"Lopez Ivan  I.","LEV",3,3,175,0,0,0,0,0,12,0,0,0
"Valentin Gerard  G.","DEP",3,2,158,1,1,0,0,0,1,0,0,0
"Fernandez Carlos  C.","SEV",2,2,139,1,4,0,0,0,2,0,0,0
"Uzoho Francis  F.","DEP",2,2,180,1,0,0,0,0,0,0,0,0
"Herrera Borja  B.",NA,3,3,242,1,1,0,0,0,14,0,0,0
"Soni Kevin  K.","GIR",2,0,17,0,1,0,0,0,0,0,0,0
"Moreno Marlos  M.",NA,2,0,28,0,2,0,0,0,0,0,0,0
"Martinez Emi  E.","GET",5,5,450,1,0,0,0,0,0,0,0,0
"Olivera Mathias  M.","GET",3,1,102,0,2,0,0,0,2,0,0,0
"Lasso Borja  B.",NA,1,1,54,0,2,0,0,0,0,0,0,0
"Narvaez Juan Jose  J.",NA,7,4,304,16,4,0,0,0,5,0,0,0
"Mendez Brais  B.","CEL",20,12,949,14,17,0,0,3,31,6,0,0
"Rolan Diego  D.","MAG",26,21,1944,48,27,0,0,17,35,1,0,0
"Krkic Bojan  B.","ALA",13,4,436,17,0,0,0,3,3,0,0,0
"Carole Lionel  L.",NA,6,6,540,6,4,0,0,0,13,0,0,0
"Olunga Michael  M.","GIR",14,4,427,2,12,0,0,7,4,0,0,0
"Pantilimon Costel  C.",NA,6,6,540,0,0,0,0,0,0,0,0,0
"Geis Johannes  J.","SEV",14,7,670,2,9,0,0,0,13,1,0,0
"Montero Jefferson  J.",NA,4,0,55,0,2,0,0,0,8,0,0,0
"Gorosabel Andoni  A.","RSO",2,1,76,1,1,0,0,0,3,0,0,0
"Gracia Julio  J.","BET",2,0,21,0,0,0,0,0,1,0,0,0
"Barri ","GET",2,1,112,0,3,0,0,0,0,0,0,0
"Calderon Carlos  C.","GET",1,0,3,0,0,0,0,0,0,0,0,0
"Robles Alex  A.","MAG",1,1,90,1,3,0,0,0,1,0,0,0
"Hacen ","LEV",2,1,82,1,1,0,0,0,0,0,0,0
"Torres Ferran  F.","VAL",13,2,302,6,4,0,0,0,16,1,0,0
"Ruibal Aitor  A.",NA,2,0,7,0,1,0,0,0,0,0,0,0
"Lopez Victor  V.","ALA",1,1,61,0,0,0,0,1,6,0,0,0
"Arana Guilherme  G.","SEV",3,2,192,2,2,0,0,0,3,0,0,0
"Demirovic Ermedin  E.","ALA",3,2,181,3,5,0,0,2,2,0,0,0
"Mazan Robert  R.","CEL",2,1,82,0,2,0,0,0,3,0,0,0
"Arnaiz Jose  J.",NA,1,0,5,0,1,0,0,0,0,0,0,0
"One Aldo  A.","DEP",1,1,90,0,1,0,0,0,0,0,0,0
"Almuwallad Fahad  F.",NA,2,0,25,0,1,0,0,0,0,0,0,0
"Koval Maksym  M.","DEP",2,2,122,0,1,0,1,0,0,0,0,0
"Sierra Jaime  J.","LGN",2,0,26,0,1,0,0,0,0,0,0,0
"Lozano Choco  C.","GIR",14,4,465,10,18,0,0,4,13,0,0,0
"Success Isaac  I.","MAG",9,7,496,26,15,0,0,6,19,0,0,0
"Rochina Ruben  R.","LEV",5,1,148,5,2,0,1,0,5,0,0,0
"Ezekiel Imoh  I.","LP",10,5,468,7,6,0,0,2,18,0,0,0
"Duro Hugo  H.","GET",2,0,18,0,1,0,0,0,0,0,0,0
"Regis Francesc  F.","EIB",1,0,1,0,0,0,0,0,0,0,0,0
"Aly ","LEV",1,1,78,0,1,0,0,0,3,0,0,0
"Molina Dani  D.","CEL",1,0,4,0,0,0,0,0,0,0,0,0
"Sane Arona  A.","ATL",1,0,64,1,1,0,0,0,0,0,0,0
"Redondo Alberto  A.","GET",1,1,90,0,4,0,0,0,1,0,0,0
"Rubio Miguel Angel  M.","GET",1,0,28,1,1,0,0,0,0,0,0,0
"Alba David  D.","GET",1,1,62,0,3,0,0,0,0,0,0,0
"Mujaid ","DEP",2,1,105,0,0,0,0,0,1,0,0,0
"Lopez Alberto  A.","MAG",1,0,45,1,0,0,0,0,1,0,0,0
"Cruz Juan  J.","MAG",1,0,6,0,0,0,0,0,0,0,0,0
"Lara Jose  J.","SEV",1,0,9,1,0,0,0,0,0,0,0,0
"Almuwallad Fahad  F.","LEV",2,0,25,0,1,0,0,0,0,0,0,0
